Activity,Description,Date,URL
YouTube,How to Build a Data Pipeline,Nov 18 2025 3:23 PM,https://www.youtube.com/watch?v=example1
YouTube,React Hooks Tutorial,Nov 18 2025 2:59 PM,https://www.youtube.com/watch?v=example2
YouTube Music,Lofi Hip Hop Mix,Nov 18 2025 2:35 PM,https://music.youtube.com/watch?v=example3
YouTube,TypeScript Best Practices,Nov 18 2025 1:18 PM,https://www.youtube.com/watch?v=example4
YouTube,FastAPI Web Development,Nov 17 2025 9:18 PM,https://www.youtube.com/watch?v=example5
YouTube Music,Chill Jazz Playlist,Nov 17 2025 8:55 PM,https://music.youtube.com/watch?v=example6
YouTube,Python Machine Learning,Nov 17 2025 7:05 PM,https://www.youtube.com/watch?v=example7
YouTube,Docker & Kubernetes,Nov 16 2025 10:53 PM,https://www.youtube.com/watch?v=example8
YouTube Music,Electronic Music Sessions,Nov 16 2025 10:50 PM,https://music.youtube.com/watch?v=example9
YouTube,Cloud Architecture Patterns,Nov 16 2025 2:01 PM,https://www.youtube.com/watch?v=example10
YouTube,Streamlit Tutorial,Nov 15 2025 1:54 PM,https://www.youtube.com/watch?v=example11
YouTube Music,Indian Classical Music,Nov 15 2025 1:51 PM,https://music.youtube.com/watch?v=example12
YouTube,AWS Lambda Deep Dive,Nov 14 2025 1:48 PM,https://www.youtube.com/watch?v=example13
YouTube,GraphQL API Design,Nov 14 2025 1:44 PM,https://www.youtube.com/watch?v=example14
YouTube,Database Optimization,Nov 13 2025 10:53 PM,https://www.youtube.com/watch?v=example15
YouTube Music,Bollywood Hits,Nov 13 2025 10:50 PM,https://music.youtube.com/watch?v=example16
YouTube,Microservices Architecture,Nov 12 2025 2:01 PM,https://www.youtube.com/watch?v=example17
YouTube,Redis Caching Guide,Nov 12 2025 1:54 PM,https://www.youtube.com/watch?v=example18
YouTube Music,Rock Classics,Nov 11 2025 1:51 PM,https://music.youtube.com/watch?v=example19
YouTube,CI/CD Pipeline Setup,Nov 11 2025 1:48 PM,https://www.youtube.com/watch?v=example20
